"","term","label","estimate","std.error","upper","lower","p.value"
"1","Interviewer over 10 years older then respondents
(relative to interviewer's age within 10 years of respondent)","Respondent was hostile",-0.1218,0.0218,-0.0791,-0.1644,0
"2","Interviewer under 10 years younger than respondent
(relative to interviewer's age within 10 years of respondent)","Respondent was hostile",0.0474,0.018,0.0827,0.0121,0.0085
"3","Non-coethnic interviewer","Respondent was hostile",0.0356,0.0148,0.0646,0.0066,0.016
"4","Interviewer over 10 years older then respondents
(relative to interviewer's age within 10 years of respondent)","Respondent was uncooperative",-0.0756,0.0228,-0.0309,-0.1203,9e-04
"5","Interviewer under 10 years younger than respondent
(relative to interviewer's age within 10 years of respondent)","Respondent was uncooperative",0.0434,0.019,0.0806,0.0063,0.0221
"6","Non-coethnic interviewer","Respondent was uncooperative",0.0216,0.0157,0.0523,-0.0091,0.1678
"7","Interviewer over 10 years older then respondents
(relative to interviewer's age within 10 years of respondent)","Respondent was impatient",-0.0775,0.0231,-0.0322,-0.1229,8e-04
"8","Interviewer under 10 years younger than respondent
(relative to interviewer's age within 10 years of respondent)","Respondent was impatient",0.0579,0.0187,0.0946,0.0212,0.002
"9","Non-coethnic interviewer","Respondent was impatient",0.0122,0.0162,0.0441,-0.0196,0.4524
"10","Interviewer over 10 years older then respondents
(relative to interviewer's age within 10 years of respondent)","Respondent was suspicious",-0.0929,0.0226,-0.0487,-0.1371,0
"11","Interviewer under 10 years younger than respondent
(relative to interviewer's age within 10 years of respondent)","Respondent was suspicious",0.0632,0.019,0.1005,0.026,9e-04
"12","Non-coethnic interviewer","Respondent was suspicious",0.0502,0.0162,0.0819,0.0185,0.0019
"13","Interviewer over 10 years older then respondents
(relative to interviewer's age within 10 years of respondent)","Preference for democracy",0.0503,0.0221,0.0936,0.0071,0.0226
"14","Interviewer under 10 years younger than respondent
(relative to interviewer's age within 10 years of respondent)","Preference for democracy",-0.0043,0.018,0.031,-0.0395,0.8129
"15","Non-coethnic interviewer","Preference for democracy",0.0409,0.0157,0.0717,0.0101,0.0093
"16","Interviewer over 10 years older then respondents
(relative to interviewer's age within 10 years of respondent)","Approval of president's performance",0.0671,0.0207,0.1076,0.0266,0.0012
"17","Interviewer under 10 years younger than respondent
(relative to interviewer's age within 10 years of respondent)","Approval of president's performance",-0.0105,0.0175,0.0237,-0.0448,0.5469
"18","Non-coethnic interviewer","Approval of president's performance",0.0548,0.0153,0.0848,0.0247,4e-04
"19","Interviewer over 10 years older then respondents
(relative to interviewer's age within 10 years of respondent)","Exposure to vote buying",-0.0967,0.0292,-0.0394,-0.1541,9e-04
"20","Interviewer under 10 years younger than respondent
(relative to interviewer's age within 10 years of respondent)","Exposure to vote buying",0.0469,0.0247,0.0953,-0.0016,0.0582
"21","Non-coethnic interviewer","Exposure to vote buying",0.0045,0.0238,0.0512,-0.0423,0.8516
"22","Interviewer over 10 years older then respondents
(relative to interviewer's age within 10 years of respondent)","Country's economic conditions",-0.0317,0.0203,0.0082,-0.0715,0.1195
"23","Interviewer under 10 years younger than respondent
(relative to interviewer's age within 10 years of respondent)","Country's economic conditions",0.0312,0.017,0.0646,-0.0022,0.067
"24","Non-coethnic interviewer","Country's economic conditions",0.0216,0.0148,0.0506,-0.0074,0.1446
"25","Interviewer over 10 years older then respondents
(relative to interviewer's age within 10 years of respondent)","Trust in ruling party",0.0558,0.0204,0.0957,0.0159,0.0061
"26","Interviewer under 10 years younger than respondent
(relative to interviewer's age within 10 years of respondent)","Trust in ruling party",-0.0094,0.0168,0.0235,-0.0424,0.5757
"27","Non-coethnic interviewer","Trust in ruling party",0.0572,0.0147,0.086,0.0285,1e-04
"28","Interviewer over 10 years older then respondents
(relative to interviewer's age within 10 years of respondent)","Distrust in opposition parties",-0.0389,0.0221,0.0045,-0.0823,0.079
"29","Interviewer under 10 years younger than respondent
(relative to interviewer's age within 10 years of respondent)","Distrust in opposition parties",0.0115,0.0186,0.0479,-0.0248,0.534
"30","Non-coethnic interviewer","Distrust in opposition parties",0.0271,0.0161,0.0586,-0.0044,0.0921
"31","Interviewer over 10 years older then respondents
(relative to interviewer's age within 10 years of respondent)","Government's handling of the economy",-0.0159,0.0216,0.0265,-0.0583,0.4621
"32","Interviewer under 10 years younger than respondent
(relative to interviewer's age within 10 years of respondent)","Government's handling of the economy",0.0226,0.0175,0.0569,-0.0116,0.1951
"33","Non-coethnic interviewer","Government's handling of the economy",-0.0037,0.0151,0.0258,-0.0332,0.8054
"34","Interviewer over 10 years older then respondents
(relative to interviewer's age within 10 years of respondent)","Voted in last national election",-0.3362,0.0236,-0.29,-0.3824,0
"35","Interviewer under 10 years younger than respondent
(relative to interviewer's age within 10 years of respondent)","Voted in last national election",-0.0347,0.0161,-0.0031,-0.0664,0.0315
"36","Non-coethnic interviewer","Voted in last national election",0.0302,0.0151,0.0598,5e-04,0.0463
"37","Interviewer over 10 years older then respondents
(relative to interviewer's age within 10 years of respondent)","Interest in public affairs",0.0723,0.0211,0.1137,0.0309,6e-04
"38","Interviewer under 10 years younger than respondent
(relative to interviewer's age within 10 years of respondent)","Interest in public affairs",0.0046,0.0175,0.0389,-0.0297,0.7937
"39","Non-coethnic interviewer","Interest in public affairs",-0.0024,0.0153,0.0277,-0.0325,0.8763
"40","Interviewer over 10 years older then respondents
(relative to interviewer's age within 10 years of respondent)","Attendance at community meetings",-0.0551,0.0205,-0.0149,-0.0953,0.0073
"41","Interviewer under 10 years younger than respondent
(relative to interviewer's age within 10 years of respondent)","Attendance at community meetings",0.0641,0.0168,0.0971,0.0311,1e-04
"42","Non-coethnic interviewer","Attendance at community meetings",0.015,0.0143,0.0429,-0.013,0.295
"43","Interviewer over 10 years older then respondents
(relative to interviewer's age within 10 years of respondent)","Knows MP's name",-0.0334,0.0167,-7e-04,-0.0661,0.0454
"44","Interviewer under 10 years younger than respondent
(relative to interviewer's age within 10 years of respondent)","Knows MP's name",0.0154,0.015,0.0448,-0.014,0.3033
"45","Non-coethnic interviewer","Knows MP's name",-0.051,0.013,-0.0256,-0.0765,1e-04
"46","Interviewer over 10 years older then respondents
(relative to interviewer's age within 10 years of respondent)","Own present living conditions good",-0.0232,0.0204,0.0168,-0.0633,0.2551
"47","Interviewer under 10 years younger than respondent
(relative to interviewer's age within 10 years of respondent)","Own present living conditions good",0.0611,0.0172,0.0949,0.0273,4e-04
"48","Non-coethnic interviewer","Own present living conditions good",-0.0235,0.0148,0.0054,-0.0524,0.1114
"49","Interviewer over 10 years older then respondents
(relative to interviewer's age within 10 years of respondent)","Has always had enough food",8e-04,0.0206,0.041,-0.0395,0.9708
"50","Interviewer under 10 years younger than respondent
(relative to interviewer's age within 10 years of respondent)","Has always had enough food",0.0106,0.0173,0.0445,-0.0232,0.5374
"51","Non-coethnic interviewer","Has always had enough food",0.027,0.0148,0.056,-0.002,0.0683
"52","Interviewer over 10 years older then respondents
(relative to interviewer's age within 10 years of respondent)","Has always had cash income",-0.057,0.0204,-0.017,-0.0971,0.0053
"53","Interviewer under 10 years younger than respondent
(relative to interviewer's age within 10 years of respondent)","Has always had cash income",0.0044,0.0165,0.0368,-0.0281,0.7919
"54","Non-coethnic interviewer","Has always had cash income",0.0176,0.0145,0.0459,-0.0108,0.2243
"55","Interviewer over 10 years older then respondents
(relative to interviewer's age within 10 years of respondent)","Has always had clean water",-0.0192,0.0204,0.0208,-0.0591,0.347
"56","Interviewer under 10 years younger than respondent
(relative to interviewer's age within 10 years of respondent)","Has always had clean water",3e-04,0.0171,0.0338,-0.0332,0.9845
"57","Non-coethnic interviewer","Has always had clean water",0.0168,0.015,0.0463,-0.0127,0.2638
"58","Interviewer over 10 years older then respondents
(relative to interviewer's age within 10 years of respondent)","Has not feared crime in own home",-0.0056,0.0217,0.037,-0.0482,0.7967
"59","Interviewer under 10 years younger than respondent
(relative to interviewer's age within 10 years of respondent)","Has not feared crime in own home",-0.042,0.0184,-0.006,-0.078,0.0221
"60","Non-coethnic interviewer","Has not feared crime in own home",0.0432,0.0152,0.0729,0.0135,0.0043
"61","Interviewer over 10 years older then respondents
(relative to interviewer's age within 10 years of respondent)","Does not know someone who died of AIDS",0.0058,0.0095,0.0243,-0.0128,0.5415
"62","Interviewer under 10 years younger than respondent
(relative to interviewer's age within 10 years of respondent)","Does not know someone who died of AIDS",-0.0028,0.0075,0.0119,-0.0174,0.713
"63","Non-coethnic interviewer","Does not know someone who died of AIDS",0.0053,0.0065,0.0181,-0.0075,0.4166
"64","Interviewer over 10 years older then respondents
(relative to interviewer's age within 10 years of respondent)","Ethnic vs. national identification",-0.0653,0.0216,-0.0229,-0.1077,0.0025
"65","Interviewer under 10 years younger than respondent
(relative to interviewer's age within 10 years of respondent)","Ethnic vs. national identification",0.0353,0.0176,0.0697,8e-04,0.0448
"66","Non-coethnic interviewer","Ethnic vs. national identification",-0.0252,0.0152,0.0046,-0.055,0.0969
"67","Interviewer over 10 years older then respondents
(relative to interviewer's age within 10 years of respondent)","Leaders should help home community",-7e-04,0.0219,0.0423,-0.0436,0.9754
"68","Interviewer under 10 years younger than respondent
(relative to interviewer's age within 10 years of respondent)","Leaders should help home community",0.0426,0.0181,0.0781,0.0071,0.0187
"69","Non-coethnic interviewer","Leaders should help home community",0.0123,0.0155,0.0426,-0.018,0.4257
"70","Interviewer over 10 years older then respondents
(relative to interviewer's age within 10 years of respondent)","Trust for coethnics",-0.0091,0.0321,0.0539,-0.0721,0.7773
"71","Interviewer under 10 years younger than respondent
(relative to interviewer's age within 10 years of respondent)","Trust for coethnics",0.0147,0.0249,0.0635,-0.0341,0.5554
"72","Non-coethnic interviewer","Trust for coethnics",-0.0164,0.0235,0.0296,-0.0625,0.4837
"73","Interviewer over 10 years older then respondents
(relative to interviewer's age within 10 years of respondent)","Distrust for non-coethnics",0.0215,0.0317,0.0837,-0.0407,0.4974
"74","Interviewer under 10 years younger than respondent
(relative to interviewer's age within 10 years of respondent)","Distrust for non-coethnics",-0.0542,0.0253,-0.0046,-0.1037,0.0322
"75","Non-coethnic interviewer","Distrust for non-coethnics",0.0137,0.0239,0.0605,-0.033,0.5646
"76","Interviewer over 10 years older then respondents
(relative to interviewer's age within 10 years of respondent)","Ethnic group's economic conditions",0.0364,0.0203,0.0761,-0.0033,0.0721
"77","Interviewer under 10 years younger than respondent
(relative to interviewer's age within 10 years of respondent)","Ethnic group's economic conditions",0.0089,0.0174,0.0431,-0.0253,0.6105
"78","Non-coethnic interviewer","Ethnic group's economic conditions",0.0426,0.015,0.0721,0.0132,0.0045
"79","Interviewer over 10 years older then respondents
(relative to interviewer's age within 10 years of respondent)","Ethnic group's political influence",0.0181,0.0207,0.0586,-0.0225,0.3831
"80","Interviewer under 10 years younger than respondent
(relative to interviewer's age within 10 years of respondent)","Ethnic group's political influence",-0.0097,0.0174,0.0245,-0.0439,0.5779
"81","Non-coethnic interviewer","Ethnic group's political influence",0.0434,0.0151,0.073,0.0139,0.004
"82","Interviewer over 10 years older then respondents
(relative to interviewer's age within 10 years of respondent)","Ethnic group is treated unfairly",-0.0988,0.0215,-0.0567,-0.141,0
"83","Interviewer under 10 years younger than respondent
(relative to interviewer's age within 10 years of respondent)","Ethnic group is treated unfairly",0.0492,0.0184,0.0851,0.0132,0.0074
"84","Non-coethnic interviewer","Ethnic group is treated unfairly",-0.0995,0.0158,-0.0686,-0.1304,0
"85","Interviewer 30 and under (relative to both over 30)","Respondent was hostile",0.0884,0.0175,0.1226,0.0541,0
"86","Interviewer over 30 (relative to both 30 and under)","Respondent was hostile",-0.1109,0.0204,-0.0708,-0.1509,0
"87","Non-coethnic interviewer","Respondent was hostile",0.0362,0.0148,0.0652,0.0072,0.0144
"88","Interviewer 30 and under (relative to both over 30)","Respondent was uncooperative",0.0303,0.0186,0.0667,-0.0061,0.1024
"89","Interviewer over 30 (relative to both 30 and under)","Respondent was uncooperative",-0.0794,0.0218,-0.0366,-0.1223,3e-04
"90","Non-coethnic interviewer","Respondent was uncooperative",0.0222,0.0157,0.0529,-0.0084,0.1552
"91","Interviewer 30 and under (relative to both over 30)","Respondent was impatient",0.0776,0.0187,0.1142,0.041,0
"92","Interviewer over 30 (relative to both 30 and under)","Respondent was impatient",-0.1009,0.0225,-0.0568,-0.145,0
"93","Non-coethnic interviewer","Respondent was impatient",0.0131,0.0162,0.0449,-0.0188,0.4211
"94","Interviewer 30 and under (relative to both over 30)","Respondent was suspicious",0.0994,0.0191,0.1369,0.0619,0
"95","Interviewer over 30 (relative to both 30 and under)","Respondent was suspicious",-0.1683,0.0217,-0.1257,-0.2109,0
"96","Non-coethnic interviewer","Respondent was suspicious",0.0511,0.0162,0.0828,0.0195,0.0016
"97","Interviewer 30 and under (relative to both over 30)","Preference for democracy",-0.0685,0.0184,-0.0325,-0.1045,2e-04
"98","Interviewer over 30 (relative to both 30 and under)","Preference for democracy",0.1052,0.0218,0.148,0.0624,0
"99","Non-coethnic interviewer","Preference for democracy",0.0391,0.0157,0.0699,0.0082,0.013
"100","Interviewer 30 and under (relative to both over 30)","Approval of president's performance",-0.0559,0.0179,-0.0207,-0.091,0.0018
"101","Interviewer over 30 (relative to both 30 and under)","Approval of president's performance",0.0971,0.0205,0.1373,0.0568,0
"102","Non-coethnic interviewer","Approval of president's performance",0.054,0.0153,0.0841,0.024,4e-04
"103","Interviewer 30 and under (relative to both over 30)","Exposure to vote buying",-0.0342,0.0287,0.022,-0.0904,0.2328
"104","Interviewer over 30 (relative to both 30 and under)","Exposure to vote buying",0.0855,0.0342,0.1526,0.0184,0.0125
"105","Non-coethnic interviewer","Exposure to vote buying",0.0039,0.0238,0.0506,-0.0428,0.871
"106","Interviewer 30 and under (relative to both over 30)","Country's economic conditions",0.0669,0.0172,0.1007,0.0332,1e-04
"107","Interviewer over 30 (relative to both 30 and under)","Country's economic conditions",-0.0843,0.0201,-0.045,-0.1237,0
"108","Non-coethnic interviewer","Country's economic conditions",0.0228,0.0148,0.0518,-0.0062,0.1239
"109","Interviewer 30 and under (relative to both over 30)","Trust in ruling party",-0.0779,0.0175,-0.0435,-0.1123,0
"110","Interviewer over 30 (relative to both 30 and under)","Trust in ruling party",0.1305,0.0201,0.1699,0.091,0
"111","Non-coethnic interviewer","Trust in ruling party",0.0563,0.0147,0.0851,0.0276,1e-04
"112","Interviewer 30 and under (relative to both over 30)","Distrust in opposition parties",0.0711,0.0196,0.1095,0.0326,3e-04
"113","Interviewer over 30 (relative to both 30 and under)","Distrust in opposition parties",-0.0644,0.0221,-0.021,-0.1077,0.0036
"114","Non-coethnic interviewer","Distrust in opposition parties",0.0283,0.0161,0.0599,-0.0032,0.0786
"115","Interviewer 30 and under (relative to both over 30)","Government's handling of the economy",-0.0606,0.0182,-0.0249,-0.0963,9e-04
"116","Interviewer over 30 (relative to both 30 and under)","Government's handling of the economy",0.0423,0.0211,0.0836,0.001,0.0449
"117","Non-coethnic interviewer","Government's handling of the economy",-0.004,0.015,0.0255,-0.0335,0.792
"118","Interviewer 30 and under (relative to both over 30)","Voted in last national election",-0.0423,0.0157,-0.0115,-0.073,0.007
"119","Interviewer over 30 (relative to both 30 and under)","Voted in last national election",0.024,0.023,0.0692,-0.0211,0.2969
"120","Non-coethnic interviewer","Voted in last national election",0.0253,0.0151,0.0549,-0.0042,0.0932
"121","Interviewer 30 and under (relative to both over 30)","Interest in public affairs",-0.0469,0.018,-0.0116,-0.0821,0.0091
"122","Interviewer over 30 (relative to both 30 and under)","Interest in public affairs",0.1009,0.0209,0.1418,0.06,0
"123","Non-coethnic interviewer","Interest in public affairs",-0.0041,0.0153,0.026,-0.0342,0.7894
"124","Interviewer 30 and under (relative to both over 30)","Attendance at community meetings",0.0383,0.0172,0.072,0.0045,0.0262
"125","Interviewer over 30 (relative to both 30 and under)","Attendance at community meetings",0.0329,0.0197,0.0716,-0.0058,0.0954
"126","Non-coethnic interviewer","Attendance at community meetings",0.0122,0.0143,0.0401,-0.0158,0.3938
"127","Interviewer 30 and under (relative to both over 30)","Knows MP's name",-0.0329,0.0149,-0.0037,-0.062,0.027
"128","Interviewer over 30 (relative to both 30 and under)","Knows MP's name",0.0577,0.0173,0.0917,0.0237,9e-04
"129","Non-coethnic interviewer","Knows MP's name",-0.0528,0.013,-0.0274,-0.0782,0
"130","Interviewer 30 and under (relative to both over 30)","Own present living conditions good",0.0846,0.0173,0.1186,0.0507,0
"131","Interviewer over 30 (relative to both 30 and under)","Own present living conditions good",-0.1069,0.0203,-0.0672,-0.1466,0
"132","Non-coethnic interviewer","Own present living conditions good",-0.0217,0.0147,0.0072,-0.0506,0.1409
"133","Interviewer 30 and under (relative to both over 30)","Has always had enough food",0.0133,0.0181,0.0487,-0.0221,0.462
"134","Interviewer over 30 (relative to both 30 and under)","Has always had enough food",-0.0242,0.0207,0.0163,-0.0647,0.2421
"135","Non-coethnic interviewer","Has always had enough food",0.0274,0.0148,0.0564,-0.0016,0.0644
"136","Interviewer 30 and under (relative to both over 30)","Has always had cash income",0.0248,0.0172,0.0586,-0.0089,0.1495
"137","Interviewer over 30 (relative to both 30 and under)","Has always had cash income",-0.0699,0.0203,-0.0301,-0.1098,6e-04
"138","Non-coethnic interviewer","Has always had cash income",0.0183,0.0145,0.0466,-0.01,0.2058
"139","Interviewer 30 and under (relative to both over 30)","Has always had clean water",-0.0361,0.0179,-9e-04,-0.0712,0.0444
"140","Interviewer over 30 (relative to both 30 and under)","Has always had clean water",-0.0191,0.0207,0.0214,-0.0596,0.3545
"141","Non-coethnic interviewer","Has always had clean water",0.0169,0.015,0.0463,-0.0126,0.2622
"142","Interviewer 30 and under (relative to both over 30)","Has not feared crime in own home",-0.0861,0.0183,-0.0502,-0.122,0
"143","Interviewer over 30 (relative to both 30 and under)","Has not feared crime in own home",0.0601,0.0211,0.1015,0.0187,0.0044
"144","Non-coethnic interviewer","Has not feared crime in own home",0.0429,0.0152,0.0726,0.0132,0.0046
"145","Interviewer 30 and under (relative to both over 30)","Does not know someone who died of AIDS",0.0264,0.0078,0.0416,0.0111,7e-04
"146","Interviewer over 30 (relative to both 30 and under)","Does not know someone who died of AIDS",-0.0403,0.009,-0.0227,-0.0579,0
"147","Non-coethnic interviewer","Does not know someone who died of AIDS",0.0064,0.0065,0.0192,-0.0064,0.3237
"148","Interviewer 30 and under (relative to both over 30)","Ethnic vs. national identification",0.1263,0.0186,0.1628,0.0898,0
"149","Interviewer over 30 (relative to both 30 and under)","Ethnic vs. national identification",-0.1406,0.0213,-0.0989,-0.1823,0
"150","Non-coethnic interviewer","Ethnic vs. national identification",-0.0238,0.0152,0.006,-0.0536,0.1172
"151","Interviewer 30 and under (relative to both over 30)","Leaders should help home community",0.0309,0.0188,0.0678,-0.006,0.1011
"152","Interviewer over 30 (relative to both 30 and under)","Leaders should help home community",-0.0427,0.0215,-6e-04,-0.0848,0.0466
"153","Non-coethnic interviewer","Leaders should help home community",0.0129,0.0155,0.0432,-0.0175,0.406
"154","Interviewer 30 and under (relative to both over 30)","Trust for coethnics",0.1112,0.029,0.168,0.0544,1e-04
"155","Interviewer over 30 (relative to both 30 and under)","Trust for coethnics",-0.1042,0.0323,-0.0408,-0.1676,0.0013
"156","Non-coethnic interviewer","Trust for coethnics",-0.0162,0.0234,0.0298,-0.0621,0.4908
"157","Interviewer 30 and under (relative to both over 30)","Distrust for non-coethnics",-0.1056,0.0299,-0.0471,-0.1642,4e-04
"158","Interviewer over 30 (relative to both 30 and under)","Distrust for non-coethnics",0.0868,0.0321,0.1496,0.0239,0.0068
"159","Non-coethnic interviewer","Distrust for non-coethnics",0.0137,0.0238,0.0604,-0.033,0.5663
"160","Interviewer 30 and under (relative to both over 30)","Ethnic group's economic conditions",0.0246,0.0176,0.0592,-0.01,0.1634
"161","Interviewer over 30 (relative to both 30 and under)","Ethnic group's economic conditions",-0.0108,0.0205,0.0293,-0.0509,0.5978
"162","Non-coethnic interviewer","Ethnic group's economic conditions",0.0433,0.015,0.0727,0.0139,0.0039
"163","Interviewer 30 and under (relative to both over 30)","Ethnic group's political influence",0.0419,0.0177,0.0767,0.0072,0.0179
"164","Interviewer over 30 (relative to both 30 and under)","Ethnic group's political influence",-0.035,0.0204,0.005,-0.0751,0.086
"165","Non-coethnic interviewer","Ethnic group's political influence",0.0439,0.0151,0.0735,0.0143,0.0036
"166","Interviewer 30 and under (relative to both over 30)","Ethnic group is treated unfairly",0.104,0.0186,0.1403,0.0676,0
"167","Interviewer over 30 (relative to both 30 and under)","Ethnic group is treated unfairly",-0.1384,0.0215,-0.0963,-0.1804,0
"168","Non-coethnic interviewer","Ethnic group is treated unfairly",-0.0985,0.0157,-0.0677,-0.1294,0
"169","Interviewer 35 and under (relative to both over 35)","Respondent was hostile",0.1078,0.0256,0.158,0.0576,0
"170","Interviewer over 35 (relative to both 35 and under)","Respondent was hostile",-0.1152,0.0268,-0.0628,-0.1677,0
"171","Non-coethnic interviewer","Respondent was hostile",0.0354,0.0148,0.0644,0.0064,0.0168
"172","Interviewer 35 and under (relative to both over 35)","Respondent was uncooperative",0.0618,0.0264,0.1136,0.01,0.0194
"173","Interviewer over 35 (relative to both 35 and under)","Respondent was uncooperative",-0.0678,0.0273,-0.0142,-0.1213,0.0131
"174","Non-coethnic interviewer","Respondent was uncooperative",0.0215,0.0157,0.0522,-0.0092,0.1703
"175","Interviewer 35 and under (relative to both over 35)","Respondent was impatient",0.15,0.0265,0.2019,0.098,0
"176","Interviewer over 35 (relative to both 35 and under)","Respondent was impatient",-0.1519,0.0278,-0.0974,-0.2064,0
"177","Non-coethnic interviewer","Respondent was impatient",0.0119,0.0163,0.0437,-0.02,0.4641
"178","Interviewer 35 and under (relative to both over 35)","Respondent was suspicious",0.1507,0.026,0.2017,0.0998,0
"179","Interviewer over 35 (relative to both 35 and under)","Respondent was suspicious",-0.1536,0.0273,-0.1001,-0.2071,0
"180","Non-coethnic interviewer","Respondent was suspicious",0.0498,0.0162,0.0815,0.0181,0.0021
"181","Interviewer 35 and under (relative to both over 35)","Preference for democracy",-0.0429,0.0257,0.0074,-0.0932,0.0943
"182","Interviewer over 35 (relative to both 35 and under)","Preference for democracy",0.1214,0.0257,0.1718,0.071,0
"183","Non-coethnic interviewer","Preference for democracy",0.0413,0.0157,0.0721,0.0105,0.0086
"184","Interviewer 35 and under (relative to both over 35)","Approval of president's performance",-0.013,0.0257,0.0374,-0.0634,0.6134
"185","Interviewer over 35 (relative to both 35 and under)","Approval of president's performance",0.0401,0.0264,0.0917,-0.0116,0.1287
"186","Non-coethnic interviewer","Approval of president's performance",0.0548,0.0153,0.0848,0.0248,4e-04
"187","Interviewer 35 and under (relative to both over 35)","Exposure to vote buying",0.1155,0.0325,0.1792,0.0519,4e-04
"188","Interviewer over 35 (relative to both 35 and under)","Exposure to vote buying",-0.0585,0.0354,0.0109,-0.1279,0.0987
"189","Non-coethnic interviewer","Exposure to vote buying",0.0039,0.0239,0.0506,-0.0429,0.8713
"190","Interviewer 35 and under (relative to both over 35)","Country's economic conditions",0.0954,0.024,0.1423,0.0484,1e-04
"191","Interviewer over 35 (relative to both 35 and under)","Country's economic conditions",-0.1266,0.0242,-0.0793,-0.1739,0
"192","Non-coethnic interviewer","Country's economic conditions",0.0213,0.0148,0.0503,-0.0077,0.1496
"193","Interviewer 35 and under (relative to both over 35)","Trust in ruling party",-0.0233,0.0243,0.0244,-0.0709,0.3389
"194","Interviewer over 35 (relative to both 35 and under)","Trust in ruling party",0.0867,0.0251,0.1358,0.0376,5e-04
"195","Non-coethnic interviewer","Trust in ruling party",0.0575,0.0147,0.0863,0.0287,1e-04
"196","Interviewer 35 and under (relative to both over 35)","Distrust in opposition parties",0.067,0.0266,0.1191,0.0149,0.0117
"197","Interviewer over 35 (relative to both 35 and under)","Distrust in opposition parties",-0.0915,0.0271,-0.0383,-0.1447,7e-04
"198","Non-coethnic interviewer","Distrust in opposition parties",0.0268,0.0161,0.0584,-0.0047,0.0953
"199","Interviewer 35 and under (relative to both over 35)","Government's handling of the economy",0.0912,0.0258,0.1418,0.0407,4e-04
"200","Interviewer over 35 (relative to both 35 and under)","Government's handling of the economy",-0.0928,0.0262,-0.0415,-0.1441,4e-04
"201","Non-coethnic interviewer","Government's handling of the economy",-0.0039,0.0151,0.0256,-0.0334,0.7958
"202","Interviewer 35 and under (relative to both over 35)","Voted in last national election",-0.0729,0.0211,-0.0315,-0.1143,6e-04
"203","Interviewer over 35 (relative to both 35 and under)","Voted in last national election",0.0372,0.0273,0.0907,-0.0163,0.1733
"204","Non-coethnic interviewer","Voted in last national election",0.0301,0.0152,0.0599,3e-04,0.0476
"205","Interviewer 35 and under (relative to both over 35)","Interest in public affairs",-0.0431,0.0245,0.0049,-0.0911,0.0785
"206","Interviewer over 35 (relative to both 35 and under)","Interest in public affairs",0.0916,0.0256,0.1417,0.0415,3e-04
"207","Non-coethnic interviewer","Interest in public affairs",-0.0019,0.0153,0.0281,-0.032,0.8991
"208","Interviewer 35 and under (relative to both over 35)","Attendance at community meetings",0.031,0.0246,0.0793,-0.0173,0.2085
"209","Interviewer over 35 (relative to both 35 and under)","Attendance at community meetings",0.0718,0.0247,0.1202,0.0235,0.0036
"210","Non-coethnic interviewer","Attendance at community meetings",0.0156,0.0143,0.0436,-0.0124,0.2755
"211","Interviewer 35 and under (relative to both over 35)","Knows MP's name",0.0026,0.0187,0.0393,-0.0341,0.8886
"212","Interviewer over 35 (relative to both 35 and under)","Knows MP's name",0.0134,0.019,0.0507,-0.024,0.4827
"213","Non-coethnic interviewer","Knows MP's name",-0.0508,0.013,-0.0254,-0.0762,1e-04
"214","Interviewer 35 and under (relative to both over 35)","Own present living conditions good",0.093,0.0239,0.1398,0.0461,1e-04
"215","Interviewer over 35 (relative to both 35 and under)","Own present living conditions good",-0.1382,0.0244,-0.0903,-0.1861,0
"216","Non-coethnic interviewer","Own present living conditions good",-0.024,0.0148,0.005,-0.0529,0.1043
"217","Interviewer 35 and under (relative to both over 35)","Has always had enough food",0.0114,0.025,0.0604,-0.0375,0.6476
"218","Interviewer over 35 (relative to both 35 and under)","Has always had enough food",-0.009,0.0255,0.041,-0.059,0.725
"219","Non-coethnic interviewer","Has always had enough food",0.0269,0.0148,0.0559,-0.0021,0.0691
"220","Interviewer 35 and under (relative to both over 35)","Has always had cash income",0.0709,0.0238,0.1175,0.0242,0.0029
"221","Interviewer over 35 (relative to both 35 and under)","Has always had cash income",-0.1102,0.0247,-0.0619,-0.1586,0
"222","Non-coethnic interviewer","Has always had cash income",0.0172,0.0145,0.0456,-0.0112,0.2348
"223","Interviewer 35 and under (relative to both over 35)","Has always had clean water",0.0023,0.0244,0.0501,-0.0456,0.9265
"224","Interviewer over 35 (relative to both 35 and under)","Has always had clean water",-0.0803,0.0255,-0.0304,-0.1302,0.0016
"225","Non-coethnic interviewer","Has always had clean water",0.0165,0.015,0.0459,-0.013,0.2736
"226","Interviewer 35 and under (relative to both over 35)","Has not feared crime in own home",0.0616,0.0269,0.1143,0.0088,0.0222
"227","Interviewer over 35 (relative to both 35 and under)","Has not feared crime in own home",-0.0748,0.0273,-0.0213,-0.1282,0.0061
"228","Non-coethnic interviewer","Has not feared crime in own home",0.043,0.0151,0.0727,0.0133,0.0046
"229","Interviewer 35 and under (relative to both over 35)","Does not know someone who died of AIDS",-0.0034,0.0111,0.0185,-0.0252,0.7613
"230","Interviewer over 35 (relative to both 35 and under)","Does not know someone who died of AIDS",-0.0107,0.0115,0.0118,-0.0333,0.3503
"231","Non-coethnic interviewer","Does not know someone who died of AIDS",0.0052,0.0065,0.018,-0.0076,0.425
"232","Interviewer 35 and under (relative to both over 35)","Ethnic vs. national identification",0.0648,0.0259,0.1156,0.014,0.0125
"233","Interviewer over 35 (relative to both 35 and under)","Ethnic vs. national identification",-0.0345,0.026,0.0166,-0.0855,0.1854
"234","Non-coethnic interviewer","Ethnic vs. national identification",-0.0253,0.0152,0.0045,-0.0551,0.0962
"235","Interviewer 35 and under (relative to both over 35)","Leaders should help home community",-0.0764,0.026,-0.0254,-0.1274,0.0033
"236","Interviewer over 35 (relative to both 35 and under)","Leaders should help home community",0.0916,0.0269,0.1442,0.0389,7e-04
"237","Non-coethnic interviewer","Leaders should help home community",0.0126,0.0155,0.0429,-0.0177,0.4153
"238","Interviewer 35 and under (relative to both over 35)","Trust for coethnics",-0.0481,0.0396,0.0296,-0.1257,0.2248
"239","Interviewer over 35 (relative to both 35 and under)","Trust for coethnics",0.0739,0.0402,0.1527,-0.0049,0.0659
"240","Non-coethnic interviewer","Trust for coethnics",-0.0159,0.0235,0.0301,-0.062,0.4974
"241","Interviewer 35 and under (relative to both over 35)","Distrust for non-coethnics",-0.0685,0.0407,0.0113,-0.1482,0.0923
"242","Interviewer over 35 (relative to both 35 and under)","Distrust for non-coethnics",-3e-04,0.0392,0.0766,-0.0772,0.9935
"243","Non-coethnic interviewer","Distrust for non-coethnics",0.0137,0.0238,0.0605,-0.033,0.5649
"244","Interviewer 35 and under (relative to both over 35)","Ethnic group's economic conditions",-0.0023,0.0236,0.0439,-0.0485,0.9221
"245","Interviewer over 35 (relative to both 35 and under)","Ethnic group's economic conditions",-0.017,0.024,0.03,-0.064,0.4774
"246","Non-coethnic interviewer","Ethnic group's economic conditions",0.0426,0.015,0.072,0.0132,0.0045
"247","Interviewer 35 and under (relative to both over 35)","Ethnic group's political influence",-0.0131,0.0242,0.0344,-0.0605,0.5894
"248","Interviewer over 35 (relative to both 35 and under)","Ethnic group's political influence",0.0179,0.0254,0.0676,-0.0319,0.4823
"249","Non-coethnic interviewer","Ethnic group's political influence",0.0435,0.0151,0.0731,0.0139,0.0039
"250","Interviewer 35 and under (relative to both over 35)","Ethnic group is treated unfairly",0.0689,0.0249,0.1178,0.0201,0.0057
"251","Interviewer over 35 (relative to both 35 and under)","Ethnic group is treated unfairly",-0.1169,0.0255,-0.067,-0.1668,0
"252","Non-coethnic interviewer","Ethnic group is treated unfairly",-0.0999,0.0158,-0.069,-0.1308,0
"253","Interviewer 40 and under (relative to both over 40)","Respondent was hostile",0.1359,0.039,0.2125,0.0594,5e-04
"254","Interviewer over 40 (relative to both 40 and under)","Respondent was hostile",-0.1522,0.0335,-0.0864,-0.2179,0
"255","Non-coethnic interviewer","Respondent was hostile",0.0367,0.0148,0.0656,0.0077,0.0131
"256","Interviewer 40 and under (relative to both over 40)","Respondent was uncooperative",0.0194,0.0396,0.097,-0.0582,0.6238
"257","Interviewer over 40 (relative to both 40 and under)","Respondent was uncooperative",-0.0044,0.0358,0.0658,-0.0747,0.9017
"258","Non-coethnic interviewer","Respondent was uncooperative",0.0215,0.0157,0.0522,-0.0092,0.1699
"259","Interviewer 40 and under (relative to both over 40)","Respondent was impatient",0.1656,0.0376,0.2392,0.092,0
"260","Interviewer over 40 (relative to both 40 and under)","Respondent was impatient",-0.1045,0.0343,-0.0373,-0.1718,0.0023
"261","Non-coethnic interviewer","Respondent was impatient",0.0128,0.0162,0.0446,-0.0191,0.432
"262","Interviewer 40 and under (relative to both over 40)","Respondent was suspicious",0.1994,0.0368,0.2715,0.1272,0
"263","Interviewer over 40 (relative to both 40 and under)","Respondent was suspicious",-0.0927,0.0343,-0.0255,-0.1598,0.0068
"264","Non-coethnic interviewer","Respondent was suspicious",0.0507,0.0162,0.0824,0.019,0.0017
"265","Interviewer 40 and under (relative to both over 40)","Preference for democracy",-0.0097,0.0367,0.0623,-0.0816,0.7921
"266","Interviewer over 40 (relative to both 40 and under)","Preference for democracy",0.0847,0.0304,0.1443,0.0251,0.0054
"267","Non-coethnic interviewer","Preference for democracy",0.0402,0.0157,0.0711,0.0094,0.0105
"268","Interviewer 40 and under (relative to both over 40)","Approval of president's performance",0.091,0.0385,0.1664,0.0155,0.0182
"269","Interviewer over 40 (relative to both 40 and under)","Approval of president's performance",-0.065,0.0318,-0.0028,-0.1273,0.0406
"270","Non-coethnic interviewer","Approval of president's performance",0.055,0.0153,0.085,0.0249,3e-04
"271","Interviewer 40 and under (relative to both over 40)","Exposure to vote buying",0.0813,0.0395,0.1587,0.0039,0.0396
"272","Interviewer over 40 (relative to both 40 and under)","Exposure to vote buying",-0.0701,0.0372,0.0027,-0.143,0.0593
"273","Non-coethnic interviewer","Exposure to vote buying",0.0043,0.0239,0.051,-0.0425,0.8581
"274","Interviewer 40 and under (relative to both over 40)","Country's economic conditions",0.1634,0.034,0.2301,0.0967,0
"275","Interviewer over 40 (relative to both 40 and under)","Country's economic conditions",-0.1476,0.0282,-0.0923,-0.2029,0
"276","Non-coethnic interviewer","Country's economic conditions",0.0227,0.0148,0.0517,-0.0063,0.125
"277","Interviewer 40 and under (relative to both over 40)","Trust in ruling party",-0.002,0.0339,0.0646,-0.0685,0.9536
"278","Interviewer over 40 (relative to both 40 and under)","Trust in ruling party",0.0129,0.0285,0.0688,-0.0429,0.6495
"279","Non-coethnic interviewer","Trust in ruling party",0.057,0.0147,0.0858,0.0282,1e-04
"280","Interviewer 40 and under (relative to both over 40)","Distrust in opposition parties",0.0462,0.0379,0.1205,-0.0281,0.2231
"281","Interviewer over 40 (relative to both 40 and under)","Distrust in opposition parties",-0.072,0.0313,-0.0106,-0.1334,0.0215
"282","Non-coethnic interviewer","Distrust in opposition parties",0.0276,0.0161,0.0591,-0.004,0.0867
"283","Interviewer 40 and under (relative to both over 40)","Government's handling of the economy",0.0852,0.0378,0.1592,0.0111,0.0241
"284","Interviewer over 40 (relative to both 40 and under)","Government's handling of the economy",-0.1446,0.0312,-0.0835,-0.2058,0
"285","Non-coethnic interviewer","Government's handling of the economy",-0.0027,0.0151,0.0269,-0.0322,0.8587
"286","Interviewer 40 and under (relative to both over 40)","Voted in last national election",-0.066,0.0309,-0.0055,-0.1265,0.0325
"287","Interviewer over 40 (relative to both 40 and under)","Voted in last national election",0.0162,0.0313,0.0776,-0.0451,0.6039
"288","Non-coethnic interviewer","Voted in last national election",0.0278,0.0152,0.0575,-0.0019,0.0665
"289","Interviewer 40 and under (relative to both over 40)","Interest in public affairs",-0.0719,0.0343,-0.0047,-0.139,0.0359
"290","Interviewer over 40 (relative to both 40 and under)","Interest in public affairs",0.1185,0.0299,0.1772,0.0599,1e-04
"291","Non-coethnic interviewer","Interest in public affairs",-0.0031,0.0153,0.027,-0.0332,0.8392
"292","Interviewer 40 and under (relative to both over 40)","Attendance at community meetings",0.0375,0.0352,0.1065,-0.0315,0.2869
"293","Interviewer over 40 (relative to both 40 and under)","Attendance at community meetings",0.111,0.029,0.1679,0.0541,1e-04
"294","Non-coethnic interviewer","Attendance at community meetings",0.0143,0.0143,0.0423,-0.0137,0.3169
"295","Interviewer 40 and under (relative to both over 40)","Knows MP's name",0.0153,0.0253,0.0649,-0.0344,0.5469
"296","Interviewer over 40 (relative to both 40 and under)","Knows MP's name",-0.0448,0.0218,-0.0021,-0.0875,0.0399
"297","Non-coethnic interviewer","Knows MP's name",-0.0509,0.013,-0.0254,-0.0763,1e-04
"298","Interviewer 40 and under (relative to both over 40)","Own present living conditions good",0.1068,0.0337,0.1728,0.0408,0.0015
"299","Interviewer over 40 (relative to both 40 and under)","Own present living conditions good",-0.1298,0.0286,-0.0737,-0.1858,0
"300","Non-coethnic interviewer","Own present living conditions good",-0.0226,0.0148,0.0063,-0.0515,0.126
"301","Interviewer 40 and under (relative to both over 40)","Has always had enough food",-0.0168,0.0341,0.0502,-0.0837,0.6236
"302","Interviewer over 40 (relative to both 40 and under)","Has always had enough food",0.0287,0.0292,0.0859,-0.0286,0.326
"303","Non-coethnic interviewer","Has always had enough food",0.0266,0.0148,0.0556,-0.0024,0.0727
"304","Interviewer 40 and under (relative to both over 40)","Has always had cash income",0.0574,0.0335,0.123,-0.0081,0.0861
"305","Interviewer over 40 (relative to both 40 and under)","Has always had cash income",-0.1328,0.0288,-0.0764,-0.1891,0
"306","Non-coethnic interviewer","Has always had cash income",0.0182,0.0145,0.0465,-0.0102,0.2093
"307","Interviewer 40 and under (relative to both over 40)","Has always had clean water",-0.0325,0.0328,0.0318,-0.0969,0.322
"308","Interviewer over 40 (relative to both 40 and under)","Has always had clean water",-0.0433,0.0289,0.0134,-0.1,0.1347
"309","Non-coethnic interviewer","Has always had clean water",0.0169,0.015,0.0464,-0.0126,0.2609
"310","Interviewer 40 and under (relative to both over 40)","Has not feared crime in own home",0.1467,0.0398,0.2247,0.0687,2e-04
"311","Interviewer over 40 (relative to both 40 and under)","Has not feared crime in own home",-0.1206,0.0332,-0.0556,-0.1857,3e-04
"312","Non-coethnic interviewer","Has not feared crime in own home",0.0441,0.0151,0.0738,0.0144,0.0036
"313","Interviewer 40 and under (relative to both over 40)","Does not know someone who died of AIDS",-1e-04,0.016,0.0313,-0.0315,0.9947
"314","Interviewer over 40 (relative to both 40 and under)","Does not know someone who died of AIDS",-0.0235,0.014,0.0039,-0.051,0.0923
"315","Non-coethnic interviewer","Does not know someone who died of AIDS",0.0056,0.0065,0.0184,-0.0072,0.3913
"316","Interviewer 40 and under (relative to both over 40)","Ethnic vs. national identification",0.0852,0.0364,0.1565,0.0139,0.0192
"317","Interviewer over 40 (relative to both 40 and under)","Ethnic vs. national identification",-0.017,0.0308,0.0433,-0.0774,0.5805
"318","Non-coethnic interviewer","Ethnic vs. national identification",-0.0253,0.0152,0.0045,-0.0551,0.0967
"319","Interviewer 40 and under (relative to both over 40)","Leaders should help home community",0.0027,0.0361,0.0735,-0.0682,0.9406
"320","Interviewer over 40 (relative to both 40 and under)","Leaders should help home community",0.0255,0.0316,0.0875,-0.0364,0.4193
"321","Non-coethnic interviewer","Leaders should help home community",0.0122,0.0155,0.0425,-0.0181,0.4302
"322","Interviewer 40 and under (relative to both over 40)","Trust for coethnics",-0.0377,0.0573,0.0747,-0.15,0.5113
"323","Interviewer over 40 (relative to both 40 and under)","Trust for coethnics",-0.0165,0.0506,0.0827,-0.1156,0.7446
"324","Non-coethnic interviewer","Trust for coethnics",-0.016,0.0235,0.03,-0.062,0.4963
"325","Interviewer 40 and under (relative to both over 40)","Distrust for non-coethnics",-0.0232,0.0591,0.0927,-0.139,0.6949
"326","Interviewer over 40 (relative to both 40 and under)","Distrust for non-coethnics",0.0202,0.0481,0.1145,-0.0741,0.675
"327","Non-coethnic interviewer","Distrust for non-coethnics",0.0134,0.0239,0.0602,-0.0333,0.5733
"328","Interviewer 40 and under (relative to both over 40)","Ethnic group's economic conditions",0.09,0.0334,0.1556,0.0245,0.0071
"329","Interviewer over 40 (relative to both 40 and under)","Ethnic group's economic conditions",-0.0318,0.0285,0.0241,-0.0877,0.2645
"330","Non-coethnic interviewer","Ethnic group's economic conditions",0.0428,0.015,0.0722,0.0134,0.0043
"331","Interviewer 40 and under (relative to both over 40)","Ethnic group's political influence",-0.0596,0.0341,0.0073,-0.1265,0.0807
"332","Interviewer over 40 (relative to both 40 and under)","Ethnic group's political influence",0.0813,0.0288,0.1378,0.0248,0.0048
"333","Non-coethnic interviewer","Ethnic group's political influence",0.0429,0.0151,0.0725,0.0133,0.0045
"334","Interviewer 40 and under (relative to both over 40)","Ethnic group is treated unfairly",0.0422,0.0366,0.1139,-0.0296,0.2496
"335","Interviewer over 40 (relative to both 40 and under)","Ethnic group is treated unfairly",-0.1543,0.0299,-0.0956,-0.2129,0
"336","Non-coethnic interviewer","Ethnic group is treated unfairly",-0.0985,0.0158,-0.0676,-0.1294,0
"337","Interviewer over 10 years older then respondents
(relative to interviewer's age within 10 years of respondent)","Bad gov't handling of addressing needs of youth",-0.02,0.0175,0.0142,-0.0542,0.2513
"338","Interviewer under 10 years younger than respondent
(relative to interviewer's age within 10 years of respondent)","Bad gov't handling of addressing needs of youth",-0.0253,0.0163,0.0067,-0.0574,0.1213
"339","Non-coethnic interviewer","Bad gov't handling of addressing needs of youth",-0.0071,0.0165,0.0253,-0.0395,0.6671
"340","Interviewer over 10 years older then respondents
(relative to interviewer's age within 10 years of respondent)","Bad gov't handling of youth employment",0.0087,0.0752,0.1562,-0.1388,0.9081
"341","Interviewer under 10 years younger than respondent
(relative to interviewer's age within 10 years of respondent)","Bad gov't handling of youth employment",0.11,0.065,0.2375,-0.0175,0.0911
"342","Non-coethnic interviewer","Bad gov't handling of youth employment",0.0381,0.06,0.1558,-0.0796,0.5257
"343","Interviewer over 10 years older then respondents
(relative to interviewer's age within 10 years of respondent)","Bad gov't handling teenage pregnancy",-0.017,0.1,0.1789,-0.2129,0.8649
"344","Interviewer under 10 years younger than respondent
(relative to interviewer's age within 10 years of respondent)","Bad gov't handling teenage pregnancy",0.0653,0.0992,0.2597,-0.129,0.5101
"345","Non-coethnic interviewer","Bad gov't handling teenage pregnancy",0.0111,0.0914,0.1903,-0.1681,0.9034
"346","Interviewer over 10 years older then respondents
(relative to interviewer's age within 10 years of respondent)","Bad gov't handling of drug abuse among youth",-0.0165,0.093,0.1658,-0.1988,0.8595
"347","Interviewer under 10 years younger than respondent
(relative to interviewer's age within 10 years of respondent)","Bad gov't handling of drug abuse among youth",0.1832,0.0908,0.3612,0.0051,0.044
"348","Non-coethnic interviewer","Bad gov't handling of drug abuse among youth",0.161,0.0771,0.3121,0.01,0.0369
"349","Interviewer over 10 years older then respondents
(relative to interviewer's age within 10 years of respondent)","Bad gov't handling of underage consumption of alcohol",0.0188,0.0926,0.2003,-0.1628,0.8395
"350","Interviewer under 10 years younger than respondent
(relative to interviewer's age within 10 years of respondent)","Bad gov't handling of underage consumption of alcohol",0.2124,0.0956,0.3996,0.0251,0.0265
"351","Non-coethnic interviewer","Bad gov't handling of underage consumption of alcohol",0.1378,0.0799,0.2944,-0.0188,0.085
"352","Interviewer over 10 years older then respondents
(relative to interviewer's age within 10 years of respondent)","Bad gov't handling of youth delinquency",-0.0731,0.0933,0.1098,-0.256,0.4337
"353","Interviewer under 10 years younger than respondent
(relative to interviewer's age within 10 years of respondent)","Bad gov't handling of youth delinquency",0.2431,0.0943,0.428,0.0582,0.0101
"354","Non-coethnic interviewer","Bad gov't handling of youth delinquency",0.1448,0.081,0.3036,-0.014,0.0743
"355","Interviewer over 10 years older then respondents
(relative to interviewer's age within 10 years of respondent)","Bad gov't handling of smoking among youth",0.0313,0.0921,0.2117,-0.1492,0.7343
"356","Interviewer under 10 years younger than respondent
(relative to interviewer's age within 10 years of respondent)","Bad gov't handling of smoking among youth",0.2491,0.0917,0.4288,0.0695,0.0067
"357","Non-coethnic interviewer","Bad gov't handling of smoking among youth",0.1056,0.0804,0.2632,-0.0519,0.1892
"358","Interviewer 30 and under (relative to both over 30)","Bad gov't handling of addressing needs of youth",-0.0395,0.0163,-0.0075,-0.0715,0.0154
"359","Interviewer over 30 (relative to both 30 and under)","Bad gov't handling of addressing needs of youth",0.0557,0.0183,0.0916,0.0197,0.0024
"360","Non-coethnic interviewer","Bad gov't handling of addressing needs of youth",-0.0076,0.0165,0.0248,-0.0399,0.6454
"361","Interviewer 30 and under (relative to both over 30)","Bad gov't handling of youth employment",0.06,0.0668,0.1909,-0.0709,0.3693
"362","Interviewer over 30 (relative to both 30 and under)","Bad gov't handling of youth employment",-0.0569,0.0847,0.1091,-0.2229,0.5019
"363","Non-coethnic interviewer","Bad gov't handling of youth employment",0.0392,0.0599,0.1565,-0.0782,0.5129
"364","Interviewer 30 and under (relative to both over 30)","Bad gov't handling teenage pregnancy",0.2776,0.1054,0.4842,0.0709,0.0086
"365","Interviewer over 30 (relative to both 30 and under)","Bad gov't handling teenage pregnancy",-0.351,0.1642,-0.0291,-0.6729,0.0329
"366","Non-coethnic interviewer","Bad gov't handling teenage pregnancy",0.0379,0.0922,0.2186,-0.1427,0.6807
"367","Interviewer 30 and under (relative to both over 30)","Bad gov't handling of drug abuse among youth",0.1113,0.0928,0.2932,-0.0707,0.2309
"368","Interviewer over 30 (relative to both 30 and under)","Bad gov't handling of drug abuse among youth",-0.0773,0.147,0.2107,-0.3653,0.599
"369","Non-coethnic interviewer","Bad gov't handling of drug abuse among youth",0.1616,0.0772,0.3128,0.0104,0.0365
"370","Interviewer 30 and under (relative to both over 30)","Bad gov't handling of underage consumption of alcohol",0.2294,0.0943,0.4142,0.0447,0.0151
"371","Interviewer over 30 (relative to both 30 and under)","Bad gov't handling of underage consumption of alcohol",-0.2724,0.1452,0.0121,-0.5569,0.0609
"372","Non-coethnic interviewer","Bad gov't handling of underage consumption of alcohol",0.1596,0.0803,0.317,0.0021,0.0472
"373","Interviewer 30 and under (relative to both over 30)","Bad gov't handling of youth delinquency",0.1658,0.0976,0.357,-0.0254,0.0895
"374","Interviewer over 30 (relative to both 30 and under)","Bad gov't handling of youth delinquency",-0.1441,0.1591,0.1677,-0.4558,0.3653
"375","Non-coethnic interviewer","Bad gov't handling of youth delinquency",0.1462,0.0817,0.3063,-0.0138,0.0737
"376","Interviewer 30 and under (relative to both over 30)","Bad gov't handling of smoking among youth",0.0542,0.095,0.2404,-0.132,0.5686
"377","Interviewer over 30 (relative to both 30 and under)","Bad gov't handling of smoking among youth",-0.0574,0.1398,0.2166,-0.3314,0.6813
"378","Non-coethnic interviewer","Bad gov't handling of smoking among youth",0.0992,0.0806,0.2571,-0.0587,0.2186
"379","Interviewer 35 and under (relative to both over 35)","Bad gov't handling of addressing needs of youth",0.0195,0.0213,0.0612,-0.0221,0.3579
"380","Interviewer over 35 (relative to both 35 and under)","Bad gov't handling of addressing needs of youth",0.0257,0.0208,0.0664,-0.015,0.216
"381","Non-coethnic interviewer","Bad gov't handling of addressing needs of youth",-0.0071,0.0165,0.0253,-0.0395,0.6674
"382","Interviewer 35 and under (relative to both over 35)","Bad gov't handling of youth employment",0.3026,0.0795,0.4584,0.1469,1e-04
"383","Interviewer over 35 (relative to both 35 and under)","Bad gov't handling of youth employment",-0.1665,0.0995,0.0286,-0.3616,0.0946
"384","Non-coethnic interviewer","Bad gov't handling of youth employment",0.0539,0.0598,0.1711,-0.0633,0.3673
"385","Interviewer 35 and under (relative to both over 35)","Bad gov't handling teenage pregnancy",0.3053,0.0975,0.4963,0.1143,0.0018
"386","Interviewer over 35 (relative to both 35 and under)","Bad gov't handling teenage pregnancy",-0.2313,0.1281,0.0199,-0.4825,0.0714
"387","Non-coethnic interviewer","Bad gov't handling teenage pregnancy",0.0351,0.0921,0.2157,-0.1454,0.7029
"388","Interviewer 35 and under (relative to both over 35)","Bad gov't handling of drug abuse among youth",0.2746,0.0882,0.4476,0.1017,0.0019
"389","Interviewer over 35 (relative to both 35 and under)","Bad gov't handling of drug abuse among youth",-0.2024,0.12,0.0328,-0.4376,0.092
"390","Non-coethnic interviewer","Bad gov't handling of drug abuse among youth",0.1784,0.0772,0.3297,0.027,0.0211
"391","Interviewer 35 and under (relative to both over 35)","Bad gov't handling of underage consumption of alcohol",0.3489,0.0907,0.5267,0.1711,1e-04
"392","Interviewer over 35 (relative to both 35 and under)","Bad gov't handling of underage consumption of alcohol",-0.1945,0.1195,0.0396,-0.4287,0.1037
"393","Non-coethnic interviewer","Bad gov't handling of underage consumption of alcohol",0.1625,0.0799,0.3192,0.0058,0.0423
"394","Interviewer 35 and under (relative to both over 35)","Bad gov't handling of youth delinquency",0.3005,0.0935,0.4838,0.1172,0.0014
"395","Interviewer over 35 (relative to both 35 and under)","Bad gov't handling of youth delinquency",-0.2298,0.124,0.0133,-0.4729,0.0642
"396","Non-coethnic interviewer","Bad gov't handling of youth delinquency",0.1559,0.0816,0.3158,-0.0041,0.0564
"397","Interviewer 35 and under (relative to both over 35)","Bad gov't handling of smoking among youth",0.2383,0.0856,0.4061,0.0705,0.0055
"398","Interviewer over 35 (relative to both 35 and under)","Bad gov't handling of smoking among youth",-0.0806,0.1198,0.1541,-0.3154,0.501
"399","Non-coethnic interviewer","Bad gov't handling of smoking among youth",0.1104,0.0811,0.2694,-0.0486,0.1739
"400","Interviewer 40 and under (relative to both over 40)","Bad gov't handling of addressing needs of youth",0.0899,0.0315,0.1516,0.0282,0.0043
"401","Interviewer over 40 (relative to both 40 and under)","Bad gov't handling of addressing needs of youth",-0.0164,0.028,0.0385,-0.0712,0.5587
"402","Non-coethnic interviewer","Bad gov't handling of addressing needs of youth",-0.007,0.0165,0.0254,-0.0393,0.6729
"403","Interviewer 40 and under (relative to both over 40)","Bad gov't handling of youth employment",0.2747,0.0778,0.4273,0.1222,4e-04
"404","Interviewer over 40 (relative to both 40 and under)","Bad gov't handling of youth employment",-0.1291,0.0876,0.0425,-0.3007,0.1404
"405","Non-coethnic interviewer","Bad gov't handling of youth employment",0.0477,0.0597,0.1647,-0.0694,0.425
"406","Interviewer 40 and under (relative to both over 40)","Bad gov't handling teenage pregnancy",0.3064,0.09,0.4828,0.13,7e-04
"407","Interviewer over 40 (relative to both 40 and under)","Bad gov't handling teenage pregnancy",-0.1221,0.1053,0.0842,-0.3284,0.2465
"408","Non-coethnic interviewer","Bad gov't handling teenage pregnancy",0.0278,0.091,0.2061,-0.1505,0.7601
"409","Interviewer 40 and under (relative to both over 40)","Bad gov't handling of drug abuse among youth",0.2327,0.0873,0.4038,0.0616,0.0078
"410","Interviewer over 40 (relative to both 40 and under)","Bad gov't handling of drug abuse among youth",-0.1119,0.097,0.0782,-0.302,0.2489
"411","Non-coethnic interviewer","Bad gov't handling of drug abuse among youth",0.167,0.0766,0.3171,0.017,0.0293
"412","Interviewer 40 and under (relative to both over 40)","Bad gov't handling of underage consumption of alcohol",0.3264,0.0893,0.5014,0.1513,3e-04
"413","Interviewer over 40 (relative to both 40 and under)","Bad gov't handling of underage consumption of alcohol",-0.127,0.099,0.067,-0.321,0.1999
"414","Non-coethnic interviewer","Bad gov't handling of underage consumption of alcohol",0.1534,0.08,0.3102,-0.0034,0.0554
"415","Interviewer 40 and under (relative to both over 40)","Bad gov't handling of youth delinquency",0.3616,0.0871,0.5324,0.1908,0
"416","Interviewer over 40 (relative to both 40 and under)","Bad gov't handling of youth delinquency",-0.2177,0.1014,-0.0189,-0.4165,0.0321
"417","Non-coethnic interviewer","Bad gov't handling of youth delinquency",0.1545,0.0808,0.3128,-0.0039,0.0562
"418","Interviewer 40 and under (relative to both over 40)","Bad gov't handling of smoking among youth",0.2007,0.0888,0.3748,0.0266,0.0241
"419","Interviewer over 40 (relative to both 40 and under)","Bad gov't handling of smoking among youth",0.0035,0.0974,0.1944,-0.1875,0.9717
"420","Non-coethnic interviewer","Bad gov't handling of smoking among youth",0.1037,0.0805,0.2616,-0.0541,0.198
"421","Interviewer 35 and under (relative to both over 35)","Respondent was hostile",0.0379,0.009,0.0555,0.0202,0
"422","Interviewer over 35 (relative to both 35 and under)","Respondent was hostile",-0.0405,0.0094,-0.0221,-0.0589,0
"423","Non-coethnic interviewer","Respondent was hostile",0.0124,0.0052,0.0226,0.0022,0.0168
"424","Interviewer 35 and under (relative to both over 35)","Respondent was uncooperative",0.0239,0.0102,0.044,0.0039,0.0194
"425","Interviewer over 35 (relative to both 35 and under)","Respondent was uncooperative",-0.0263,0.0106,-0.0055,-0.047,0.0131
"426","Non-coethnic interviewer","Respondent was uncooperative",0.0083,0.0061,0.0202,-0.0036,0.1703
"427","Interviewer 35 and under (relative to both over 35)","Respondent was impatient",0.0718,0.0127,0.0966,0.0469,0
"428","Interviewer over 35 (relative to both 35 and under)","Respondent was impatient",-0.0727,0.0133,-0.0466,-0.0988,0
"429","Non-coethnic interviewer","Respondent was impatient",0.0057,0.0078,0.0209,-0.0096,0.4641
"430","Interviewer 35 and under (relative to both over 35)","Respondent was suspicious",0.0759,0.0131,0.1015,0.0502,0
"431","Interviewer over 35 (relative to both 35 and under)","Respondent was suspicious",-0.0773,0.0137,-0.0504,-0.1043,0
"432","Non-coethnic interviewer","Respondent was suspicious",0.0251,0.0081,0.0411,0.0091,0.0021
"433","Interviewer 35 and under (relative to both over 35)","Preference for democracy",-0.0189,0.0113,0.0032,-0.041,0.0943
"434","Interviewer over 35 (relative to both 35 and under)","Preference for democracy",0.0534,0.0113,0.0756,0.0313,0
"435","Non-coethnic interviewer","Preference for democracy",0.0182,0.0069,0.0317,0.0046,0.0086
"436","Interviewer 35 and under (relative to both over 35)","Approval of president's performance",-0.0062,0.0122,0.0178,-0.0301,0.6134
"437","Interviewer over 35 (relative to both 35 and under)","Approval of president's performance",0.019,0.0125,0.0436,-0.0055,0.1287
"438","Non-coethnic interviewer","Approval of president's performance",0.026,0.0073,0.0403,0.0118,4e-04
"439","Interviewer 35 and under (relative to both over 35)","Exposure to vote buying",0.1002,0.0282,0.1555,0.045,4e-04
"440","Interviewer over 35 (relative to both 35 and under)","Exposure to vote buying",-0.0508,0.0307,0.0095,-0.111,0.0987
"441","Non-coethnic interviewer","Exposure to vote buying",0.0034,0.0207,0.0439,-0.0372,0.8713
"442","Interviewer 35 and under (relative to both over 35)","Country's economic conditions",0.123,0.0309,0.1837,0.0624,1e-04
"443","Interviewer over 35 (relative to both 35 and under)","Country's economic conditions",-0.1634,0.0312,-0.1023,-0.2245,0
"444","Non-coethnic interviewer","Country's economic conditions",0.0275,0.0191,0.0649,-0.0099,0.1496
"445","Interviewer 35 and under (relative to both over 35)","Trust in ruling party",-0.0269,0.0282,0.0283,-0.0822,0.3389
"446","Interviewer over 35 (relative to both 35 and under)","Trust in ruling party",0.1005,0.029,0.1574,0.0436,5e-04
"447","Non-coethnic interviewer","Trust in ruling party",0.0666,0.017,0.1,0.0333,1e-04
"448","Interviewer 35 and under (relative to both over 35)","Distrust in opposition parties",-0.0715,0.0283,-0.0159,-0.127,0.0117
"449","Interviewer over 35 (relative to both 35 and under)","Distrust in opposition parties",0.0976,0.0289,0.1543,0.0409,7e-04
"450","Non-coethnic interviewer","Distrust in opposition parties",-0.0286,0.0172,0.005,-0.0623,0.0953
"451","Interviewer 35 and under (relative to both over 35)","Government's handling of the economy",0.0884,0.025,0.1374,0.0394,4e-04
"452","Interviewer over 35 (relative to both 35 and under)","Government's handling of the economy",-0.0899,0.0254,-0.0402,-0.1396,4e-04
"453","Non-coethnic interviewer","Government's handling of the economy",-0.0038,0.0146,0.0248,-0.0324,0.7958
"454","Interviewer 35 and under (relative to both over 35)","Voted in last national election",-0.0325,0.0094,-0.014,-0.051,6e-04
"455","Interviewer over 35 (relative to both 35 and under)","Voted in last national election",0.0166,0.0122,0.0404,-0.0073,0.1733
"456","Non-coethnic interviewer","Voted in last national election",0.0134,0.0068,0.0267,1e-04,0.0476
"457","Interviewer 35 and under (relative to both over 35)","Interest in public affairs",-0.0466,0.0265,0.0053,-0.0985,0.0785
"458","Interviewer over 35 (relative to both 35 and under)","Interest in public affairs",0.099,0.0276,0.1532,0.0448,3e-04
"459","Non-coethnic interviewer","Interest in public affairs",-0.0021,0.0166,0.0304,-0.0346,0.8991
"460","Interviewer 35 and under (relative to both over 35)","Attendance at community meetings",0.0413,0.0328,0.1055,-0.023,0.2085
"461","Interviewer over 35 (relative to both 35 and under)","Attendance at community meetings",0.0956,0.0328,0.16,0.0312,0.0036
"462","Non-coethnic interviewer","Attendance at community meetings",0.0207,0.019,0.058,-0.0165,0.2755
"463","Interviewer 35 and under (relative to both over 35)","Knows MP's name",0.0013,0.0092,0.0193,-0.0167,0.8886
"464","Interviewer over 35 (relative to both 35 and under)","Knows MP's name",0.0066,0.0093,0.0249,-0.0117,0.4827
"465","Non-coethnic interviewer","Knows MP's name",-0.0249,0.0064,-0.0124,-0.0374,1e-04
"466","Interviewer 35 and under (relative to both over 35)","Own present living conditions good",0.115,0.0296,0.173,0.0571,1e-04
"467","Interviewer over 35 (relative to both 35 and under)","Own present living conditions good",-0.171,0.0302,-0.1117,-0.2303,0
"468","Non-coethnic interviewer","Own present living conditions good",-0.0296,0.0183,0.0061,-0.0654,0.1043
"469","Interviewer 35 and under (relative to both over 35)","Has always had enough food",-0.0139,0.0304,0.0457,-0.0735,0.6476
"470","Interviewer over 35 (relative to both 35 and under)","Has always had enough food",0.0109,0.0311,0.0718,-0.05,0.725
"471","Non-coethnic interviewer","Has always had enough food",-0.0328,0.018,0.0026,-0.0681,0.0691
"472","Interviewer 35 and under (relative to both over 35)","Has always had cash income",-0.0956,0.0321,-0.0326,-0.1586,0.0029
"473","Interviewer over 35 (relative to both 35 and under)","Has always had cash income",0.1487,0.0333,0.214,0.0835,0
"474","Non-coethnic interviewer","Has always had cash income",-0.0232,0.0195,0.0151,-0.0615,0.2348
"475","Interviewer 35 and under (relative to both over 35)","Has always had clean water",-0.0031,0.0339,0.0633,-0.0695,0.9265
"476","Interviewer over 35 (relative to both 35 and under)","Has always had clean water",0.1114,0.0353,0.1807,0.0421,0.0016
"477","Non-coethnic interviewer","Has always had clean water",-0.0228,0.0208,0.018,-0.0637,0.2736
"478","Interviewer 35 and under (relative to both over 35)","Has not feared crime in own home",-0.0737,0.0322,-0.0105,-0.1369,0.0222
"479","Interviewer over 35 (relative to both 35 and under)","Has not feared crime in own home",0.0896,0.0327,0.1536,0.0256,0.0061
"480","Non-coethnic interviewer","Has not feared crime in own home",-0.0515,0.0181,-0.0159,-0.087,0.0046
"481","Interviewer 35 and under (relative to both over 35)","Does not know someone who died of AIDS",0.0034,0.0111,0.0252,-0.0185,0.7613
"482","Interviewer over 35 (relative to both 35 and under)","Does not know someone who died of AIDS",0.0107,0.0115,0.0333,-0.0118,0.3503
"483","Non-coethnic interviewer","Does not know someone who died of AIDS",-0.0052,0.0065,0.0076,-0.018,0.425
"484","Interviewer 35 and under (relative to both over 35)","Ethnic vs. national identification",-0.0782,0.0313,-0.0169,-0.1395,0.0125
"485","Interviewer over 35 (relative to both 35 and under)","Ethnic vs. national identification",0.0416,0.0314,0.1032,-0.02,0.1854
"486","Non-coethnic interviewer","Ethnic vs. national identification",0.0305,0.0183,0.0665,-0.0054,0.0962
"487","Interviewer 35 and under (relative to both over 35)","Leaders should help home community",-0.0357,0.0122,-0.0119,-0.0596,0.0033
"488","Interviewer over 35 (relative to both 35 and under)","Leaders should help home community",0.0429,0.0126,0.0675,0.0182,7e-04
"489","Non-coethnic interviewer","Leaders should help home community",0.0059,0.0072,0.0201,-0.0083,0.4153
"490","Interviewer 35 and under (relative to both over 35)","Trust for coethnics",-0.0484,0.0399,0.0298,-0.1266,0.2248
"491","Interviewer over 35 (relative to both 35 and under)","Trust for coethnics",0.0744,0.0405,0.1538,-0.0049,0.0659
"492","Non-coethnic interviewer","Trust for coethnics",-0.0161,0.0237,0.0303,-0.0624,0.4974
"493","Interviewer 35 and under (relative to both over 35)","Distrust for non-coethnics",0.0689,0.0409,0.1492,-0.0113,0.0923
"494","Interviewer over 35 (relative to both 35 and under)","Distrust for non-coethnics",3e-04,0.0395,0.0777,-0.0771,0.9935
"495","Non-coethnic interviewer","Distrust for non-coethnics",-0.0138,0.024,0.0332,-0.0609,0.5649
"496","Interviewer 35 and under (relative to both over 35)","Ethnic group's economic conditions",-0.0023,0.024,0.0446,-0.0493,0.9221
"497","Interviewer over 35 (relative to both 35 and under)","Ethnic group's economic conditions",-0.0173,0.0244,0.0305,-0.0651,0.4774
"498","Non-coethnic interviewer","Ethnic group's economic conditions",0.0433,0.0153,0.0733,0.0134,0.0045
"499","Interviewer 35 and under (relative to both over 35)","Ethnic group's political influence",-0.0138,0.0256,0.0364,-0.0641,0.5894
"500","Interviewer over 35 (relative to both 35 and under)","Ethnic group's political influence",0.0189,0.0269,0.0716,-0.0338,0.4823
"501","Non-coethnic interviewer","Ethnic group's political influence",0.0461,0.016,0.0774,0.0147,0.0039
"502","Interviewer 35 and under (relative to both over 35)","Ethnic group is treated unfairly",0.0665,0.024,0.1135,0.0194,0.0057
"503","Interviewer over 35 (relative to both 35 and under)","Ethnic group is treated unfairly",-0.1127,0.0246,-0.0646,-0.1608,0
"504","Non-coethnic interviewer","Ethnic group is treated unfairly",-0.0963,0.0152,-0.0665,-0.1261,0
"505","Interviewer 35 and under (relative to both over 35)","Bad gov't handling of addressing needs of youth",-0.0185,0.0201,0.021,-0.058,0.3579
"506","Interviewer over 35 (relative to both 35 and under)","Bad gov't handling of addressing needs of youth",-0.0243,0.0197,0.0142,-0.0629,0.216
"507","Non-coethnic interviewer","Bad gov't handling of addressing needs of youth",0.0067,0.0156,0.0374,-0.0239,0.6674
"508","Interviewer 35 and under (relative to both over 35)","Bad gov't handling of youth employment",-0.2658,0.0698,-0.129,-0.4026,1e-04
"509","Interviewer over 35 (relative to both 35 and under)","Bad gov't handling of youth employment",0.1462,0.0874,0.3176,-0.0252,0.0946
"510","Non-coethnic interviewer","Bad gov't handling of youth employment",-0.0474,0.0525,0.0556,-0.1503,0.3673
"511","Interviewer 35 and under (relative to both over 35)","Bad gov't handling teenage pregnancy",-0.2412,0.077,-0.0903,-0.3921,0.0018
"512","Interviewer over 35 (relative to both 35 and under)","Bad gov't handling teenage pregnancy",0.1827,0.1012,0.3811,-0.0157,0.0714
"513","Non-coethnic interviewer","Bad gov't handling teenage pregnancy",-0.0278,0.0728,0.1149,-0.1704,0.7029
"514","Interviewer 35 and under (relative to both over 35)","Bad gov't handling of drug abuse among youth",-0.2331,0.0749,-0.0863,-0.3798,0.0019
"515","Interviewer over 35 (relative to both 35 and under)","Bad gov't handling of drug abuse among youth",0.1718,0.1019,0.3714,-0.0279,0.092
"516","Non-coethnic interviewer","Bad gov't handling of drug abuse among youth",-0.1514,0.0655,-0.0229,-0.2798,0.0211
"517","Interviewer 35 and under (relative to both over 35)","Bad gov't handling of underage consumption of alcohol",-0.2807,0.073,-0.1376,-0.4237,1e-04
"518","Interviewer over 35 (relative to both 35 and under)","Bad gov't handling of underage consumption of alcohol",0.1565,0.0961,0.3449,-0.0319,0.1037
"519","Non-coethnic interviewer","Bad gov't handling of underage consumption of alcohol",-0.1307,0.0643,-0.0047,-0.2568,0.0423
"520","Interviewer 35 and under (relative to both over 35)","Bad gov't handling of youth delinquency",-0.2354,0.0733,-0.0918,-0.379,0.0014
"521","Interviewer over 35 (relative to both 35 and under)","Bad gov't handling of youth delinquency",0.1801,0.0972,0.3705,-0.0104,0.0642
"522","Non-coethnic interviewer","Bad gov't handling of youth delinquency",-0.1221,0.0639,0.0032,-0.2474,0.0564
"523","Interviewer 35 and under (relative to both over 35)","Bad gov't handling of smoking among youth",-0.1867,0.0671,-0.0552,-0.3182,0.0055
"524","Interviewer over 35 (relative to both 35 and under)","Bad gov't handling of smoking among youth",0.0632,0.0939,0.2472,-0.1208,0.501
"525","Non-coethnic interviewer","Bad gov't handling of smoking among youth",-0.0865,0.0636,0.0381,-0.2111,0.1739
